OTU ID,X,Y
s__Tetrasphaera_japonica,281.0,258.0
s__Methanobrevibacter_smithii,173.0,297.0
s__Methanobrevibacter_arboriphilus,273.0,77.0
s__Methanobrevibacter_millerae,318.0,447.0
s__Methanosphaera_stadtmanae,0.0,271.0
s__Candidatus_Methanoplasma_termitum,344.0,202.0
s__Methanosarcina_lacustris,198.0,148.0
s__Candidatus_Methanomethylophilus_alvus,356.0,95.0
s__Methanosarcina_sp._MTP4,279.0,97.0
s__Bifidobacterium_adolescentis,267.0,174.0
s__Mobiluncus_curtisii,351.0,1.0
s__Acidobacteriaceae_bacterium_KBS_89,46.0,387.0
s__Actinobaculum_sp._oral_taxon_183,440.0,98.0
s__Actinomyces_graevenitzii,188.0,288.0
s__Actinomyces_cardiffensis,60.0,336.0
s__Actinomyces_dentalis,175.0,417.0
s__Actinomyces_gerencseriae,171.0,58.0
s__Actinomyces_europaeus,447.0,227.0
s__Actinomyces_hongkongensis,404.0,97.0
s__Actinomyces_johnsonii,115.0,411.0
s__Actinomyces_massiliensis,252.0,403.0
s__Actinomyces_odontolyticus,399.0,392.0
s__Actinomyces_meyeri,199.0,113.0
s__Actinomyces_oris,155.0,337.0
s__Actinomyces_sp._oral_taxon_448,184.0,366.0
s__Actinomyces_sp._oral_taxon_848,140.0,80.0
s__Actinomyces_timonensis,194.0,350.0
s__Actinomyces_turicensis,81.0,252.0
s__Arcanobacterium_haemolyticum,327.0,218.0
s__Flaviflexus_massiliensis,88.0,113.0
s__Trueperella_pyogenes,75.0,385.0
s__Mobiluncus_mulieris,172.0,71.0
s__Actinopolyspora_erythraea,47.0,387.0
s__Bifidobacterium_bifidum,43.0,206.0
s__Bifidobacterium_angulatum,276.0,246.0
s__Bifidobacterium_animalis,287.0,447.0
s__Bifidobacterium_asteroides,44.0,350.0
s__Bifidobacterium_breve,55.0,82.0
s__Bifidobacterium_dentium,394.0,73.0
s__Bifidobacterium_coryneforme,103.0,136.0
s__Bifidobacterium_longum,161.0,152.0
s__Gardnerella_vaginalis,424.0,59.0
s__Bifidobacterium_scardovii,380.0,289.0
s__Bifidobacterium_pseudolongum,162.0,401.0
s__Bifidobacterium_thermophilum,382.0,188.0
s__Parascardovia_denticolens,331.0,275.0
s__Scardovia_inopinata,227.0,135.0
s__Lawsonella_clevelandensis,329.0,301.0
s__Catenulispora_acidiphila,131.0,109.0
s__Corynebacterium_durum,234.0,19.0
s__Corynebacterium_accolens,323.0,33.0
s__Corynebacterium_argentoratense,267.0,223.0
s__Corynebacterium_callunae,145.0,281.0
s__Corynebacterium_atypicum,165.0,89.0
s__Corynebacterium_diphtheriae,186.0,262.0
s__Corynebacterium_glucuronolyticum,40.0,290.0
s__Corynebacterium_singulare,71.0,311.0
s__Corynebacterium_jeikeium,71.0,365.0
s__Corynebacterium_glutamicum,89.0,161.0
s__Corynebacterium_kroppenstedtii,400.0,264.0
s__Corynebacterium_resistens,221.0,414.0
s__Corynebacterium_simulans,336.0,334.0
s__Corynebacterium_stationis,4.0,323.0
s__Corynebacterium_testudinoris,239.0,55.0
s__Corynebacterium_urealyticum,385.0,323.0
s__Corynebacterium_variabile,415.0,407.0
s__Corynebacterium_ureicelerivorans,182.0,435.0
s__Turicella_otitidis,254.0,15.0
s__Corynebacterium_vitaeruminis,319.0,58.0
s__Mycobacterium_abscessus,254.0,200.0
s__Nocardia_farcinica,361.0,297.0
s__Rhodococcus_fascians,395.0,50.0
s__Tropheryma_whipplei,152.0,163.0
s__Brevibacterium_linens,61.0,212.0
s__Dermacoccus_nishinomiyaensis,206.0,15.0
s__Cellulomonas_massiliensis,190.0,191.0
s__Brevibacterium_senegalense,285.0,204.0
s__Eggerthella_sp._YY7918,48.0,76.0
s__Rothia_dentocariosa,187.0,144.0
s__Microbacterium_sp._C448,202.0,17.0
s__Microbacterium_sp._No._7,280.0,113.0
s__Arthrobacter_sp._IHBB_11108,57.0,325.0
s__Arthrobacter_sp._H14,411.0,218.0
s__Kocuria_palustris,346.0,364.0
s__Arthrobacter_sp._PAMC_25486,443.0,206.0
s__Arthrobacter_sp._LS16,49.0,293.0
s__Glutamicibacter_arilaitensis,203.0,116.0
s__Kocuria_flava,57.0,235.0
s__Kocuria_turfanensis,327.0,19.0
s__Rothia_mucilaginosa,367.0,30.0
s__Atopobium_parvulum,112.0,250.0
s__Cutibacterium_acnes,38.0,205.0
s__Acidipropionibacterium_acidipropionici,165.0,199.0
s__Granulicoccus_phenolivorans,146.0,55.0
s__Pseudopropionibacterium_propionicum,12.0,420.0
s__Kibdelosporangium_phytohabitans,136.0,369.0
s__Saccharopolyspora_erythraea,325.0,41.0
s__Saccharopolyspora_spinosa,391.0,442.0
s__Streptomyces_albus,94.0,4.0
s__Streptomyces_sp._Tu6071,388.0,12.0
s__Streptomyces_sp._CNT360,63.0,353.0
s__Atopobium_fossor,414.0,393.0
s__Coriobacteriaceae_bacterium_68-1-3,366.0,228.0
s__Atopobium_sp._oral_taxon_199,362.0,401.0
s__Olsenella_sp._oral_taxon_809,428.0,316.0
s__Olsenella_sp._SIT9,341.0,165.0
s__Olsenella_uli,430.0,171.0
s__Collinsella_intestinalis,441.0,347.0
s__Collinsella_stercoris,369.0,214.0
s__Enorma_massiliensis,325.0,443.0
s__Collinsella_tanakaei,437.0,46.0
s__Coriobacterium_glomerans,67.0,137.0
s__Senegalimassilia_anaerobia,51.0,409.0
s__Adlercreutzia_equolifaciens,113.0,110.0
s__Eggerthellaceae_bacterium_AT8,20.0,194.0
s__Cryptobacterium_curtum,52.0,362.0
s__Eggerthella_lenta,175.0,48.0
s__Gordonibacter_pamelaeae,130.0,414.0
s__Enterorhabdus_caecimuris,32.0,171.0
s__Enterorhabdus_mucosicola,373.0,377.0
s__Slackia_piriformis,201.0,392.0
s__Slackia_exigua,294.0,94.0
s__Slackia_heliotrinireducens,415.0,374.0
s__Bacteroidetes_oral_taxon_274,87.0,30.0
s__Phocaeicola_abscessus,103.0,314.0
s__Bacteroidales_bacterium_CF,87.0,174.0
s__Bacteroides_cellulosilyticus,431.0,421.0
s__Bacteroides_barnesiae,335.0,299.0
s__Bacteroides_coprocola,156.0,72.0
s__Bacteroides_fragilis,6.0,39.0
s__Bacteroides_coprophilus,396.0,193.0
s__Bacteroides_fluxus,350.0,230.0
s__Bacteroides_coprosuis,336.0,123.0
s__Bacteroides_oleiciplenus,313.0,294.0
s__Bacteroides_neonati,393.0,42.0
s__Bacteroides_graminisolvens,27.0,171.0
s__Bacteroides_plebeius,101.0,6.0
s__Bacteroides_ovatus,184.0,219.0
s__Bacteroides_salanitronis,92.0,35.0
s__Bacteroides_salyersiae,398.0,394.0
s__Bacteroides_stercoris,252.0,198.0
s__Bacteroides_sp._Ga6A1,248.0,121.0
s__Bacteroides_thetaiotaomicron,1.0,138.0
s__Bacteroides_uniformis,418.0,324.0
s__Bacteroides_vulgatus,402.0,49.0
s__Odoribacter_splanchnicus,351.0,169.0
s__Butyricimonas_synergistica,448.0,67.0
s__Butyricimonas_virosa,299.0,33.0
s__Odoribacter_laneus,164.0,429.0
s__Prevotella_copri,83.0,326.0
s__Parabacteroides_distasonis,386.0,8.0
s__Barnesiella_intestinihominis,372.0,439.0
s__Barnesiella_viscericola,392.0,143.0
s__Coprobacter_fastidiosus,226.0,284.0
s__Fermentimonas_caenicola,382.0,419.0
s__Dysgonomonas_mossii,145.0,31.0
s__Dysgonomonas_gadei,367.0,165.0
s__Paludibacter_propionicigenes,310.0,33.0
s__Parabacteroides_goldsteinii,319.0,150.0
s__Parabacteroides_johnsonii,370.0,106.0
s__Porphyromonas_gingivalis,88.0,199.0
s__Porphyromonas_asaccharolytica,323.0,421.0
s__Porphyromonas_levii,52.0,234.0
s__Porphyromonas_somerae,254.0,88.0
s__Porphyromonas_macacae,245.0,346.0
s__Proteiniphilum_acetatigenes,409.0,191.0
s__Tannerella_forsythia,18.0,286.0
s__Paraprevotella_xylaniphila,5.0,165.0
s__Alloprevotella_rava,213.0,69.0
s__Alloprevotella_tannerae,36.0,305.0
s__Prevotella_bergensis,41.0,196.0
s__Prevotella_albensis,301.0,312.0
s__Prevotella_amnii,269.0,69.0
s__Prevotella_bivia,281.0,241.0
s__Prevotella_buccae,366.0,317.0
s__Prevotella_stercorea,109.0,181.0
s__Prevotella_denticola,282.0,292.0
s__Prevotella_corporis,8.0,57.0
s__Prevotella_dentalis,330.0,121.0
s__Prevotella_enoeca,276.0,245.0
s__Prevotella_fusca,144.0,195.0
s__Prevotella_intermedia,276.0,117.0
s__Prevotella_loescheii,125.0,251.0
s__Prevotella_maculosa,342.0,294.0
s__Prevotella_marshii,438.0,437.0
s__Prevotella_melaninogenica,382.0,312.0
s__Prevotella_multiformis,286.0,354.0
s__Prevotella_multisaccharivorax,394.0,422.0
s__Prevotella_nanceiensis,159.0,198.0
s__Prevotella_nigrescens,126.0,36.0
s__Prevotella_pallens,74.0,219.0
s__Prevotella_oralis,33.0,219.0
s__Prevotella_oryzae,136.0,202.0
s__Prevotella_salivae,411.0,127.0
s__Prevotella_paludivivens,254.0,165.0
s__Prevotella_ruminicola,268.0,109.0
s__Prevotella_scopos,180.0,403.0
s__Prevotella_timonensis,42.0,433.0
s__Streptococcus_salivarius,344.0,143.0
s__Alistipes_putredinis,321.0,141.0
s__Alistipes_finegoldii,44.0,271.0
s__Alistipes_indistinctus,282.0,37.0
s__Alistipes_obesi,35.0,68.0
s__Alistipes_shahii,75.0,357.0
s__Alistipes_senegalensis,123.0,390.0
s__Rikenella_microfusus,155.0,341.0
s__Mucinivorans_hirudinis,438.0,52.0
s__Chryseobacterium_gallinarum,316.0,130.0
s__Asinibacterium_sp._OR53,222.0,300.0
s__Alkaliflexus_imshenetskii,431.0,186.0
s__Salinivirga_cyanobacteriivorans,153.0,409.0
s__Saccharicrinis_fermentans,54.0,288.0
s__Draconibacterium_orientale,106.0,340.0
s__Hymenobacter_sp._DG25B,89.0,210.0
s__Hymenobacter_sp._APR13,370.0,335.0
s__Fluviicola_taffensis,56.0,48.0
s__Capnocytophaga_granulosa,65.0,167.0
s__Aequorivita_sublithincola,402.0,384.0
s__Capnocytophaga_cynodegmi,32.0,59.0
s__Capnocytophaga_canimorsus,143.0,88.0
s__Capnocytophaga_sp._oral_taxon_329,15.0,176.0
s__Capnocytophaga_ochracea,32.0,339.0
s__Capnocytophaga_sp._oral_taxon_338,8.0,264.0
s__Elizabethkingia_anophelis,215.0,28.0
s__Flavobacterium_branchiophilum,269.0,420.0
s__Weeksella_virosa,281.0,54.0
s__Psychroflexus_torquis,243.0,85.0
s__Riemerella_columbina,57.0,62.0
s__Sphingobacterium_sp._ML3W,253.0,40.0
s__Sphingobacterium_sp._HMSC13C05,410.0,67.0
s__Winogradskyella_sp._PG-2,383.0,71.0
s__Dehalogenimonas_lykanthroporepellens,195.0,158.0
s__Sphingobacterium_thalpophilum,337.0,411.0
s__Caldithrix_abyssi,272.0,37.0
s__Chlamydia_suis,403.0,377.0
s__Dehalococcoides_mccartyi,87.0,328.0
s__Fischerella_sp._PCC_9605,253.0,373.0
s__Calothrix_parietina,78.0,326.0
s__Calothrix_sp._PCC_7103,249.0,99.0
s__filamentous_cyanobacterium_ESFC-1,386.0,346.0
s__Rivularia_sp._PCC_7116,346.0,30.0
s__Arthrospira_platensis,87.0,263.0
s__Moorea_producens,345.0,115.0
s__Mucispirillum_schaedleri,189.0,77.0
s__Oscillatoria_acuminata,338.0,400.0
s__Synechococcus_sp._JA-3-3Ab,56.0,381.0
s__Pseudanabaena_sp._PCC_7367,148.0,200.0
s__Calditerrivibrio_nitroreducens,132.0,398.0
s__Deinococcus_geothermalis,281.0,427.0
s__Deinococcus_swuensis,165.0,267.0
s__Elusimicrobium_minutum,1.0,281.0
s__Meiothermus_silvanus,82.0,280.0
s__Endomicrobium_proavitum,404.0,89.0
s__Firmicutes_bacterium_M10-2,230.0,281.0
s__Firmicutes_bacterium_ASF500,228.0,5.0
s__Gemella_sanguinis,130.0,95.0
s__Gemella_bergeri,434.0,332.0
s__Exiguobacterium_sibiricum,333.0,223.0
s__Amphibacillus_xylanus,370.0,389.0
s__Bacillus_acidiproducens,30.0,75.0
s__Anoxybacillus_gonensis,186.0,313.0
s__Sporosarcina_newyorkensis,13.0,330.0
s__Bacillus_thuringiensis,428.0,104.0
s__Bacillus_anthracis,60.0,254.0
s__Bacillus_amyloliquefaciens,216.0,288.0
s__Bacillus_coagulans,109.0,16.0
s__Bacillus_cereus,84.0,201.0
s__Bacillus_endophyticus,104.0,209.0
s__Bacillus_dielmoensis,79.0,68.0
s__Bacillus_gobiensis,208.0,280.0
s__Bacillus_licheniformis,160.0,173.0
s__Bacillus_massiliosenegalensis,84.0,303.0
s__Bacillus_massiliogorillae,349.0,303.0
s__Bacillus_megaterium,73.0,241.0
s__Bacillus_sp._OxB-1,222.0,158.0
s__Bacillus_methanolicus,130.0,253.0
s__Bacillus_mycoides,8.0,273.0
s__Bacillus_ndiopicus,353.0,64.0
s__Bacillus_smithii,351.0,386.0
s__Bacillus_pumilus,203.0,133.0
s__Bacillus_subtilis,120.0,435.0
s__Bacillus_timonensis,131.0,120.0
s__Geobacillus_thermoleovorans,152.0,425.0
s__Geobacillus_subterraneus,166.0,324.0
s__Thermicanus_aegyptius,401.0,140.0
s__Salimicrobium_jeotgali,430.0,231.0
s__Virgibacillus_halodenitrificans,49.0,425.0
s__Listeria_monocytogenes,16.0,217.0
s__Listeria_newyorkensis,349.0,239.0
s__Gorillibacterium_sp._SN4,284.0,266.0
s__Aneurinibacillus_sp._XH2,158.0,430.0
s__Brevibacillus_laterosporus,431.0,70.0
s__Paenibacillus_odorifer,428.0,438.0
s__Paenibacillus_bovis,69.0,231.0
s__Paenibacillus_ihumii,81.0,244.0
s__Paenibacillus_glucanolyticus,366.0,438.0
s__Paenibacillus_mucilaginosus,429.0,32.0
s__Paenibacillus_macerans,340.0,229.0
s__Solibacillus_silvestris,396.0,264.0
s__Planococcus_antarcticus,412.0,411.0
s__Paenibacillus_sp._JDR-2,72.0,277.0
s__Paenibacillus_sp._IHBB_10380,89.0,350.0
s__Paenibacillus_xylanexedens,438.0,307.0
s__Macrococcus_caseolyticus,236.0,0.0
s__Jeotgalicoccus_psychrophilus,256.0,353.0
s__Salinicoccus_halodurans,371.0,23.0
s__Staphylococcus_aureus,345.0,126.0
s__Staphylococcus_capitis,171.0,222.0
s__Staphylococcus_condimenti,130.0,199.0
s__Staphylococcus_epidermidis,206.0,400.0
s__Staphylococcus_equorum,131.0,308.0
s__Staphylococcus_haemolyticus,90.0,38.0
s__Staphylococcus_hominis,113.0,282.0
s__Staphylococcus_pseudintermedius,64.0,18.0
s__Staphylococcus_hyicus,380.0,99.0
s__Staphylococcus_massiliensis,333.0,213.0
s__Staphylococcus_schleiferi,199.0,70.0
s__Staphylococcus_saprophyticus,104.0,304.0
s__Staphylococcus_xylosus,78.0,427.0
s__Staphylococcus_simulans,313.0,46.0
s__Staphylococcus_succinus,349.0,174.0
s__Staphylococcus_warneri,163.0,209.0
s__Risungbinella_massiliensis,351.0,371.0
s__Granulicatella_adiacens,181.0,408.0
s__Abiotrophia_defectiva,138.0,306.0
s__Aerococcus_viridans,326.0,268.0
s__Facklamia_hominis,409.0,346.0
s__Facklamia_ignava,128.0,230.0
s__Facklamia_languida,383.0,229.0
s__Allofustis_seminis,302.0,174.0
s__Alloiococcus_otitis,144.0,189.0
s__Carnobacterium_inhibens,9.0,118.0
s__Carnobacterium_maltaromaticum,197.0,200.0
s__Dolosigranulum_pigrum,302.0,426.0
s__Carnobacterium_sp._CP1,161.0,174.0
s__Granulicatella_elegans,104.0,331.0
s__Enterococcus_columbae,245.0,83.0
s__Enterococcus_cecorum,235.0,195.0
s__Enterococcus_avium,175.0,353.0
s__Enterococcus_casseliflavus,186.0,133.0
s__Enterococcus_durans,273.0,25.0
s__Enterococcus_dispar,78.0,280.0
s__Enterococcus_faecalis,302.0,237.0
s__Enterococcus_faecium,409.0,66.0
s__Lactobacillus_antri,207.0,54.0
s__Enterococcus_italicus,130.0,184.0
s__Enterococcus_mundtii,380.0,21.0
s__Tetragenococcus_halophilus,0.0,47.0
s__Enterococcus_saccharolyticus,287.0,314.0
s__Lactobacillus_acetotolerans,319.0,342.0
s__Lactobacillus_acidophilus,313.0,213.0
s__Lactobacillus_mucosae,347.0,81.0
s__Lactobacillus_fermentum,151.0,81.0
s__Lactobacillus_crispatus,317.0,87.0
s__Lactobacillus_coleohominis,228.0,435.0
s__Lactobacillus_buchneri,356.0,27.0
s__Lactobacillus_brevis,298.0,315.0
s__Lactobacillus_delbrueckii,302.0,100.0
s__Lactobacillus_curieae,172.0,372.0
s__Lactobacillus_crustorum,43.0,165.0
s__Lactobacillus_farciminis,36.0,247.0
s__Lactobacillus_gasseri,350.0,399.0
s__Lactobacillus_fructivorans,299.0,73.0
s__Lactobacillus_kefiranofaciens,239.0,67.0
s__Lactobacillus_hokkaidonensis,136.0,241.0
s__Lactobacillus_helveticus,142.0,356.0
s__Lactobacillus_harbinensis,440.0,70.0
s__Lactobacillus_ginsenosidimutans,51.0,294.0
s__Lactobacillus_hilgardii,406.0,395.0
s__Lactobacillus_iners,341.0,14.0
s__Lactobacillus_jensenii,443.0,266.0
s__Lactobacillus_lindneri,261.0,59.0
s__Lactobacillus_koreensis,65.0,82.0
s__Lactobacillus_mellifer,347.0,359.0
s__Lactobacillus_mellis,15.0,323.0
s__Lactobacillus_ruminis,98.0,80.0
s__Lactobacillus_paracasei,297.0,160.0
s__Lactobacillus_parabuchneri,78.0,279.0
s__Lactobacillus_parabrevis,165.0,443.0
s__Lactobacillus_paracollinoides,163.0,430.0
s__Lactobacillus_plantarum,84.0,75.0
s__Lactobacillus_reuteri,175.0,31.0
s__Lactobacillus_rhamnosus,126.0,77.0
s__Lactobacillus_salivarius,282.0,349.0
s__Lactobacillus_sakei,274.0,25.0
s__Leuconostoc_lactis,191.0,239.0
s__Lactobacillus_sanfranciscensis,262.0,210.0
s__Lactobacillus_vaginalis,0.0,267.0
s__Pediococcus_claussenii,148.0,245.0
s__Pediococcus_acidilactici,239.0,283.0
s__Pediococcus_damnosus,175.0,348.0
s__Pediococcus_pentosaceus,2.0,354.0
s__Sharpea_azabuensis,197.0,22.0
s__Leuconostoc_citreum,128.0,276.0
s__Leuconostoc_carnosum,176.0,26.0
s__Leuconostoc_gelidum,143.0,232.0
s__Leuconostoc_kimchii,211.0,270.0
s__Leuconostoc_mesenteroides,162.0,269.0
s__Oenococcus_kitaharae,191.0,89.0
s__Weissella_cibaria,367.0,396.0
s__Oenococcus_oeni,12.0,22.0
s__Weissella_ceti,46.0,398.0
s__Weissella_koreensis,139.0,73.0
s__Weissella_paramesenteroides,417.0,365.0
s__Lactococcus_garvieae,411.0,91.0
s__Lactococcus_lactis,208.0,44.0
s__Lactococcus_piscium,109.0,124.0
s__Streptococcus_anginosus,197.0,124.0
s__Streptococcus_agalactiae,396.0,71.0
s__Streptococcus_cristatus,243.0,0.0
s__Streptococcus_caballi,382.0,286.0
s__Streptococcus_gallolyticus,392.0,426.0
s__Streptococcus_dysgalactiae,88.0,27.0
s__Streptococcus_didelphis,50.0,367.0
s__Streptococcus_entericus,215.0,282.0
s__Streptococcus_equi,333.0,117.0
s__Streptococcus_gordonii,95.0,307.0
s__Streptococcus_infantis,424.0,30.0
s__Streptococcus_halotolerans,149.0,250.0
s__Streptococcus_intermedius,5.0,187.0
s__Streptococcus_iniae,28.0,77.0
s__Streptococcus_mitis,12.0,260.0
s__Streptococcus_massiliensis,425.0,144.0
s__Streptococcus_marimammalium,262.0,178.0
s__Streptococcus_merionis,393.0,232.0
s__Streptococcus_mutans,232.0,348.0
s__Streptococcus_parasanguinis,441.0,243.0
s__Streptococcus_orisratti,234.0,86.0
s__Streptococcus_ovis,108.0,73.0
s__Streptococcus_pneumoniae,155.0,407.0
s__Streptococcus_parauberis,72.0,102.0
s__Streptococcus_plurextorum,355.0,407.0
s__Streptococcus_porci,30.0,263.0
s__Streptococcus_pyogenes,384.0,403.0
s__Streptococcus_sanguinis,222.0,343.0
s__Streptococcus_thermophilus,336.0,364.0
s__Streptococcus_suis,180.0,285.0
s__Streptococcus_sobrinus,181.0,201.0
s__Streptococcus_uberis,387.0,150.0
s__Clostridium_sp._L2-50,421.0,21.0
s__[Bacteroides]_pectinophilus,263.0,334.0
s__Clostridiales_bacterium_1_7_47FAA,240.0,347.0
s__Flavonifractor_plautii,121.0,396.0
s__Fenollaria_massiliensis,238.0,153.0
s__Clostridium_butyricum,89.0,214.0
s__Levyella_massiliensis,66.0,445.0
s__Intestinimonas_massiliensis,225.0,134.0
s__Intestinimonas_butyriciproducens,362.0,434.0
s__Gottschalkia_acidurici,332.0,283.0
s__Butyricicoccus_pullicaecorum,65.0,121.0
s__Butyricicoccus_desmolans,272.0,146.0
s__Alkaliphilus_metalliredigens,106.0,237.0
s__Clostridiaceae_bacterium_mt12,96.0,445.0
s__Alkaliphilus_oremlandii,377.0,119.0
s__Candidatus_Arthromitus_sp._SFB-rat-Yit,338.0,5.0
s__Candidatus_Arthromitus_sp._SFB-mouse,112.0,352.0
s__Clostridium_baratii,38.0,12.0
s__Clostridium_aceticum,265.0,188.0
s__Clostridium_akagii,100.0,198.0
s__Clostridium_bornimense,366.0,342.0
s__Clostridium_beijerinckii,279.0,260.0
s__Clostridium_botulinum,47.0,230.0
s__Clostridium_cadaveris,129.0,260.0
s__Clostridium_celatum,196.0,90.0
s__Clostridium_carboxidivorans,96.0,267.0
s__Clostridium_perfringens,253.0,289.0
s__Clostridium_colicanis,337.0,96.0
s__Clostridium_cellulovorans,216.0,113.0
s__Clostridium_kluyveri,163.0,0.0
s__Clostridium_intestinale,292.0,125.0
s__Clostridium_neonatale,438.0,396.0
s__Clostridium_paraputrificum,154.0,149.0
s__Clostridium_novyi,339.0,190.0
s__Clostridium_pasteurianum,433.0,248.0
s__Clostridium_sp._KLE_1755,307.0,440.0
s__Clostridium_phoceensis,224.0,392.0
s__Clostridium_sp._ASF356,224.0,59.0
s__Clostridium_saccharobutylicum,341.0,268.0
s__Clostridium_saccharoperbutylacetonicum,264.0,358.0
s__Clostridium_senegalense,304.0,159.0
s__[Eubacterium]_eligens,436.0,329.0
s__Eubacterium_ramulus,58.0,403.0
s__Clostridium_sp._M62/1,397.0,396.0
s__Hungatella_hathewayi,79.0,438.0
s__Clostridium_sp._SY8519,120.0,400.0
s__Clostridium_sp._ND2,378.0,82.0
s__Clostridium_sp._mt5,238.0,374.0
s__Desnuesiella_massiliensis,403.0,84.0
s__Clostridium_tyrobutyricum,308.0,331.0
s__Eubacterium_plexicaudatum,251.0,210.0
s__[Eubacterium]_brachy,207.0,424.0
s__Proteiniclasticum_ruminis,337.0,189.0
s__[Eubacterium]_saphenum,226.0,82.0
s__[Eubacterium]_sulci,304.0,336.0
s__Anaerofustis_stercorihominis,182.0,91.0
s__Eubacterium_limosum,213.0,266.0
s__Eubacterium_ventriosum,125.0,42.0
s__Eubacterium_sp._3_1_31,124.0,180.0
s__Eubacterium_sp._14-2,37.0,168.0
s__[Eubacterium]_cellulosolvens,185.0,48.0
s__Eubacterium_xylanophilum,91.0,159.0
s__[Eubacterium]_rectale,389.0,279.0
s__Pseudoramibacter_alactolyticus,210.0,219.0
s__Heliobacterium_modesticaldum,197.0,223.0
s__Lachnospiraceae_bacterium_3-1,123.0,32.0
s__Lachnospiraceae_bacterium_2_1_46FAA,156.0,54.0
s__Lachnospiraceae_bacterium_10-1,79.0,335.0
s__Lachnospiraceae_bacterium_28-4,149.0,54.0
s__Lachnospiraceae_bacterium_COE1,231.0,248.0
s__Lachnospiraceae_bacterium_A2,319.0,286.0
s__Lachnospiraceae_bacterium_3-2,22.0,237.0
s__Lachnospiraceae_bacterium_AB2028,95.0,204.0
s__Lachnospiraceae_bacterium_A4,406.0,280.0
s__Lachnospiraceae_bacterium_AC3007,411.0,333.0
s__Lachnospiraceae_bacterium_AC2014,30.0,394.0
s__Lachnospiraceae_bacterium_C6A11,273.0,203.0
s__Lachnospiraceae_bacterium_AD3010,277.0,131.0
s__Lachnospiraceae_bacterium_M18-1,228.0,362.0
s__Lachnospiraceae_bacterium_oral_taxon_500,53.0,80.0
s__Lachnospiraceae_bacterium_mt14,423.0,282.0
s__Anaerostipes_hadrus,442.0,17.0
s__Anaerostipes_caccae,361.0,302.0
s__Blautia_hansenii,318.0,99.0
s__Coprococcus_sp._HPP0048,52.0,438.0
s__Blautia_obeum,397.0,16.0
s__Blautia_hydrogenotrophica,288.0,163.0
s__Blautia_sp._KLE_1732,175.0,317.0
s__Blautia_producta,259.0,70.0
s__Blautia_schinkii,98.0,230.0
s__[Ruminococcus]_torques,278.0,28.0
s__Butyrivibrio_crossotus,373.0,240.0
s__Coprococcus_comes,15.0,276.0
s__Butyrivibrio_proteoclasticus,418.0,60.0
s__Butyrivibrio_hungatei,405.0,346.0
s__Butyrivibrio_fibrisolvens,387.0,30.0
s__Butyrivibrio_sp._MC2013,171.0,237.0
s__Butyrivibrio_sp._NC2002,116.0,250.0
s__Catonella_morbi,16.0,159.0
s__Butyrivibrio_sp._NC3005,142.0,389.0
s__Cellulosilyticum_lentocellum,211.0,103.0
s__Coprococcus_eutactus,106.0,105.0
s__Dorea_longicatena,347.0,444.0
s__Dorea_sp._5-2,367.0,248.0
s__Johnsonella_ignava,311.0,70.0
s__Lachnoanaerobaculum_sp._OBRC5-5,361.0,318.0
s__Lachnoanaerobaculum_saburreum,67.0,291.0
s__[Clostridium]_asparagiforme,38.0,59.0
s__Lachnoclostridium_phytofermentans,63.0,269.0
s__Roseburia_intestinalis,306.0,313.0
s__[Clostridium]_bolteae,125.0,82.0
s__[Clostridium]_citroniae,318.0,25.0
s__[Clostridium]_saccharolyticum,137.0,165.0
s__[Clostridium]_hylemonae,407.0,228.0
s__[Clostridium]_scindens,357.0,311.0
s__[Clostridium]_symbiosum,325.0,103.0
s__Oribacterium_parvum,72.0,176.0
s__Oribacterium_sinus,397.0,365.0
s__Oribacterium_sp._oral_taxon_078,17.0,349.0
s__Roseburia_hominis,146.0,412.0
s__Tyzzerella_nexilis,300.0,223.0
s__Stomatobaculum_longum,248.0,173.0
s__Shuttleworthia_satelles,220.0,313.0
s__Oscillibacter_sp._KLE_1745,163.0,250.0
s__Oscillibacter_ruminantium,242.0,4.0
s__Oscillibacter_sp._1-3,12.0,342.0
s__Clostridioides_difficile,377.0,207.0
s__Oscillibacter_valericigenes,257.0,369.0
s__Dehalobacter_restrictus,225.0,199.0
s__Desulfitibacter_alkalitolerans,83.0,386.0
s__Desulfosporosinus_acidiphilus,57.0,65.0
s__Desulfotomaculum_acetoxidans,216.0,100.0
s__Desulfotomaculum_gibsoniae,188.0,267.0
s__Desulfotomaculum_nigrificans,193.0,15.0
s__Desulfotomaculum_reducens,92.0,75.0
s__Peptostreptococcaceae_bacterium_oral_taxon_113,26.0,256.0
s__[Clostridium]_hiranonis,46.0,227.0
s__Acetoanaerobium_sticklandii,356.0,361.0
s__Filifactor_alocis,68.0,11.0
s__Intestinibacter_bartlettii,262.0,278.0
s__Ruminococcus_bicirculans,391.0,48.0
s__Ruminococcaceae_bacterium_D16,175.0,81.0
s__[Clostridium]_dakarense,38.0,35.0
s__Peptostreptococcus_anaerobius,133.0,95.0
s__[Eubacterium]_yurii,47.0,238.0
s__Peptoanaerobacter_stomatis,103.0,425.0
s__Peptoclostridium_acidaminophilum,273.0,447.0
s__Terrisporobacter_glycolicus,265.0,8.0
s__Faecalibacterium_prausnitzii,262.0,8.0
s__Anaerotruncus_colihominis,282.0,409.0
s__Anaeromassilibacillus_senegalensis,389.0,414.0
s__Acetivibrio_cellulolyticus,138.0,415.0
s__Bittarella_massiliensis,264.0,269.0
s__Anaerotruncus_sp._G3(2012),427.0,363.0
s__Ethanoligenens_harbinense,297.0,121.0
s__Fournierella_massiliensis,222.0,441.0
s__Phocea_massiliensis,42.0,344.0
s__Mageeibacillus_indolicus,24.0,358.0
s__[Clostridium]_leptum,16.0,394.0
s__[Clostridium]_cellulolyticum,0.0,428.0
s__Ruminiclostridium_thermocellum,429.0,339.0
s__[Clostridium]_cellulosi,258.0,360.0
s__[Clostridium]_clariflavum,428.0,362.0
s__[Eubacterium]_siraeum,107.0,266.0
s__[Clostridium]_methylpentosum,42.0,223.0
s__[Clostridium]_sporosphaeroides,414.0,304.0
s__[Clostridium]_stercorarium,432.0,415.0
s__Ruminococcus_albus,384.0,411.0
s__Ruminococcus_lactaris,187.0,4.0
s__Ruminococcus_callidus,106.0,16.0
s__Ruminococcus_champanellensis,260.0,216.0
s__Ruminococcus_flavefaciens,4.0,328.0
s__Ruminococcus_gauvreauii,240.0,197.0
s__Dielma_fastidiosa,230.0,177.0
s__Ruminococcus_sp._AT10,398.0,260.0
s__Candidatus_Stoquefichus_sp._SB1,62.0,109.0
s__Subdoligranulum_variabile,95.0,342.0
s__Ruminococcus_sp._FC2018,388.0,191.0
s__Syntrophomonas_wolfei,71.0,183.0
s__Symbiobacterium_thermophilum,126.0,391.0
s__Halanaerobium_hydrogeniformans,257.0,178.0
s__Acetohalobium_arabaticum,251.0,1.0
s__Halothermothrix_orenii,304.0,267.0
s__Caldanaerobius_polysaccharolyticus,114.0,162.0
s__Halonatronum_saccharophilum,63.0,175.0
s__Thermacetogenium_phaeum,43.0,211.0
s__Thermoanaerobacter_wiegelii,280.0,261.0
s__Thermodesulfobium_narugense,404.0,429.0
s__Mahella_australiensis,418.0,430.0
s__Thermosediminibacter_oceani,198.0,424.0
s__[Eubacterium]_dolichum,288.0,66.0
s__Allobaculum_stercoricanis,348.0,224.0
s__Erysipelatoclostridium_ramosum,411.0,294.0
s__Eggerthia_catenaformis,277.0,225.0
s__Holdemanella_biformis,205.0,78.0
s__[Clostridium]_innocuum,316.0,316.0
s__[Clostridium]_spiroforme,159.0,48.0
s__[Clostridium]_saccharogumia,216.0,358.0
s__Faecalitalea_cylindroides,283.0,217.0
s__Erysipelothrix_rhusiopathiae,116.0,73.0
s__Megamonas_funiformis,15.0,252.0
s__Holdemania_massiliensis,435.0,386.0
s__Phascolarctobacterium_succinatutens,347.0,322.0
s__Solobacterium_moorei,103.0,364.0
s__Acidaminococcus_fermentans,295.0,406.0
s__Acidaminococcus_intestini,196.0,379.0
s__Succinispira_mobilis,140.0,370.0
s__Centipeda_periodontii,46.0,365.0
s__Fusobacterium_mortiferum,258.0,345.0
s__Megamonas_hypermegale,353.0,81.0
s__Mitsuokella_sp._oral_taxon_131,436.0,228.0
s__Mitsuokella_multacida,313.0,197.0
s__Selenomonas_bovis,336.0,244.0
s__Selenomonas_artemidis,54.0,44.0
s__Selenomonas_flueggei,157.0,192.0
s__Selenomonas_noxia,224.0,13.0
s__Dialister_invisus,74.0,22.0
s__Selenomonas_sputigena,329.0,39.0
s__Selenomonas_ruminantium,358.0,149.0
s__Pelosinus_fermentans,326.0,415.0
s__Anaeroglobus_geminatus,321.0,433.0
s__Megasphaera_micronuciformis,58.0,207.0
s__Dialister_micraerophilus,83.0,425.0
s__Dialister_succinatiphilus,264.0,57.0
s__Megasphaera_elsdenii,65.0,446.0
s__Megasphaera_massiliensis,248.0,132.0
s__Veillonella_parvula,103.0,115.0
s__Veillonella_montpellierensis,99.0,261.0
s__Veillonella_magna,61.0,92.0
s__Veillonella_seminalis,39.0,86.0
s__Kallipyga_massiliensis,259.0,439.0
s__Anaerococcus_lactolyticus,53.0,39.0
s__Anaerococcus_obesiensis,221.0,336.0
s__Anaerococcus_pacaensis,424.0,353.0
s__Parvimonas_micra,303.0,243.0
s__Anaerococcus_provenciensis,320.0,325.0
s__Anaerococcus_prevotii,437.0,185.0
s__Finegoldia_magna,19.0,382.0
s__Helcococcus_kunzii,156.0,259.0
s__Peptoniphilus_duerdenii,321.0,42.0
s__Peptoniphilus_grossensis,322.0,263.0
s__Peptoniphilus_indolicus,6.0,190.0
s__Peptoniphilus_lacrimalis,100.0,219.0
s__Peptoniphilus_sp._ING2-D1G,42.0,435.0
s__Peptoniphilus_senegalensis,295.0,427.0
s__Peptoniphilus_obesi,162.0,125.0
s__Cetobacterium_somerae,421.0,290.0
s__Peptoniphilus_timonensis,225.0,210.0
s__Klebsiella_pneumoniae,22.0,247.0
s__Fusobacterium_nucleatum,272.0,182.0
s__Fusobacterium_periodonticum,180.0,196.0
s__Fusobacterium_perfoetens,156.0,63.0
s__Fusobacterium_ulcerans,1.0,397.0
s__Fusobacterium_russii,57.0,149.0
s__Aeromonas_veronii,210.0,414.0
s__Parasutterella_excrementihominis,74.0,317.0
s__Leptotrichia_shahii,76.0,333.0
s__Leptotrichia_buccalis,98.0,88.0
s__Leptotrichia_goodfellowii,203.0,17.0
s__Leptotrichia_wadei,174.0,4.0
s__Leptotrichia_sp._oral_taxon_212,134.0,360.0
s__Sneathia_amnii,60.0,248.0
s__Streptobacillus_moniliformis,106.0,251.0
s__Kiritimatiella_glycovorans,394.0,131.0
s__Acidovorax_ebreus,280.0,259.0
s__Burkholderiales_bacterium_GJ-E10,278.0,299.0
s__Candidatus_Puniceispirillum_marinum,220.0,303.0
s__Brevundimonas_sp._DS20,281.0,418.0
s__Caulobacter_vibrioides,238.0,375.0
s__Bradyrhizobium_elkanii,219.0,172.0
s__Martelella_sp._AD-3,75.0,322.0
s__Methyloceanibacter_caenitepidi,324.0,326.0
s__Bradyrhizobium_diazoefficiens,10.0,315.0
s__Rhodopseudomonas_palustris,8.0,334.0
s__Hoeflea_sp._108,64.0,193.0
s__Ochrobactrum_pseudogrignonense,334.0,403.0
s__Shinella_sp._HZN7,172.0,417.0
s__Rhizobium_etli,157.0,265.0
s__Candidatus_Liberibacter_americanus,344.0,105.0
s__Rhodobacteraceae_bacterium_PD-2,400.0,95.0
s__Azospirillum_brasilense,205.0,232.0
s__Candidatus_Endolissoclinum_faulkneri,344.0,345.0
s__Magnetospirillum_magneticum,70.0,105.0
s__Rhodospirillum_rubrum,273.0,172.0
s__Thalassospira_xiamenensis,8.0,123.0
s__Novosphingobium_resinovorum,179.0,218.0
s__Novosphingobium_sp._MBES04,332.0,197.0
s__Sphingobium_yanoikuyae,364.0,158.0
s__Sphingomonas_melonis,262.0,11.0
s__Sphingopyxis_macrogoltabida,136.0,403.0
s__Candidatus_Accumulibacter_phosphatis,146.0,342.0
s__Achromobacter_xylosoxidans,324.0,333.0
s__Roseateles_depolymerans,210.0,370.0
s__Thiomonas_arsenitoxydans,416.0,136.0
s__Thiomonas_sp._FB-6,198.0,99.0
s__Oligella_ureolytica,170.0,217.0
s__Bordetella_petrii,305.0,212.0
s__Advenella_mimigardefordensis,89.0,68.0
s__Alcaligenes_faecalis,235.0,207.0
s__Bordetella_parapertussis,157.0,283.0
s__Bordetella_hinzii,65.0,216.0
s__Bordetella_sp._FB-8,223.0,304.0
s__Lautropia_mirabilis,276.0,122.0
s__Burkholderia_gladioli,150.0,337.0
s__bacterium_endosymbiont_of_Mortierella_elongata_FMR23-6,77.0,252.0
s__Cupriavidus_basilensis,71.0,63.0
s__Cupriavidus_gilardii,385.0,96.0
s__Ralstonia_mannitolilytica,70.0,211.0
s__Pandoraea_pnomenusa,420.0,306.0
s__Ralstonia_solanacearum,393.0,89.0
s__Acidovorax_avenae,36.0,356.0
s__Oxalobacter_formigenes,271.0,306.0
s__Comamonas_aquatica,382.0,209.0
s__Acidovorax_sp._RAC01,249.0,39.0
s__Alicycliphilus_denitrificans,328.0,14.0
s__Comamonas_testosteroni,363.0,183.0
s__Comamonas_sp._B-9,145.0,60.0
s__Ottowia_sp._oral_taxon_894,266.0,128.0
s__Curvibacter_sp._PAE-UM,302.0,31.0
s__Delftia_acidovorans,63.0,170.0
s__Variovorax_sp._URHB0020,337.0,196.0
s__Massilia_sp._NR_4-1,224.0,264.0
s__Janthinobacterium_sp._B9-8,287.0,44.0
s__Janthinobacterium_sp._Marseille,417.0,20.0
s__Massilia_putida,266.0,227.0
s__Massilia_sp._WG5,288.0,205.0
s__Noviherbaspirillum_massiliense,141.0,434.0
s__Sutterella_parvirubra,441.0,90.0
s__Sutterella_wadsworthensis,45.0,252.0
s__Kingella_denitrificans,267.0,404.0
s__Methylophilales_bacterium_MBRSF5,230.0,288.0
s__Candidatus_Methylopumilus_planktonicus,307.0,194.0
s__Methylobacillus_flagellatus,310.0,173.0
s__Methylovorus_glucosotrophus,226.0,414.0
s__Methylophilus_sp._5,427.0,242.0
s__Eikenella_corrodens,308.0,289.0
s__Bilophila_wadsworthia,358.0,232.0
s__Kingella_oralis,351.0,14.0
s__Kingella_kingae,217.0,120.0
s__Neisseria_elongata,5.0,428.0
s__Neisseria_bacilliformis,205.0,206.0
s__Neisseria_mucosa,202.0,164.0
s__Neisseria_lactamica,123.0,312.0
s__Neisseria_gonorrhoeae,96.0,89.0
s__Neisseria_meningitidis,354.0,427.0
s__Simonsiella_muelleri,383.0,308.0
s__Neisseria_weaveri,391.0,348.0
s__Dechloromonas_agitata,229.0,253.0
s__Snodgrassella_alvi,396.0,360.0
s__Azospira_oryzae,157.0,131.0
s__Nitrosomonas_communis,302.0,304.0
s__Vitreoscilla_sp._SN6,397.0,353.0
s__Methyloversatilis_thermotolerans,116.0,129.0
s__Thauera_humireducens,369.0,236.0
s__Desulfarculus_baarsii,259.0,21.0
s__Desulfococcus_multivorans,327.0,222.0
s__Desulfobacter_postgatei,10.0,197.0
s__Desulfocurvus_vexinensis,303.0,71.0
s__Desulfovibrio_desulfuricans,15.0,155.0
s__Desulfovibrio_aespoeensis,97.0,163.0
s__Desulfovibrio_alaskensis,367.0,15.0
s__Campylobacter_concisus,291.0,271.0
s__Desulfovibrio_piger,266.0,366.0
s__Desulfovibrio_fairfieldensis,313.0,54.0
s__Desulfovibrio_gigas,239.0,253.0
s__Desulfovibrio_vulgaris,201.0,352.0
s__Desulfovibrio_sp._U5L,27.0,364.0
s__Lawsonia_intracellularis,4.0,269.0
s__Desulfurella_acetivorans,36.0,47.0
s__Syntrophobacter_fumaroxidans,97.0,337.0
s__Pelobacter_propionicus,224.0,153.0
s__Geoalkalibacter_subterraneus,250.0,271.0
s__Syntrophus_aciditrophicus,208.0,54.0
s__Vulgatibacter_incomptus,443.0,225.0
s__Campylobacter_coli,90.0,265.0
s__Campylobacter_hominis,376.0,332.0
s__Campylobacter_curvus,220.0,129.0
s__Campylobacter_gracilis,79.0,215.0
s__Campylobacter_ureolyticus,11.0,59.0
s__Campylobacter_iguaniorum,328.0,102.0
s__Campylobacter_jejuni,36.0,296.0
s__Campylobacter_upsaliensis,297.0,370.0
s__Helicobacter_pylori,101.0,253.0
s__Helicobacter_canadensis,422.0,444.0
s__Helicobacter_typhlonius,175.0,111.0
s__gamma_proteobacterium_HdN1,152.0,377.0
s__gamma_proteobacterium_HTCC5015,25.0,289.0
s__Aeromonas_hydrophila,30.0,51.0
s__Aeromonas_salmonicida,186.0,211.0
s__Aeromonas_schubertii,366.0,117.0
s__Succinivibrionaceae_bacterium_WG-1,114.0,177.0
s__Succinatimonas_hippei,312.0,413.0
s__Cardiobacterium_hominis,232.0,121.0
s__Shewanella_oneidensis,322.0,87.0
s__Pseudoalteromonas_luteoviolacea,188.0,205.0
s__Moritella_viscosa,378.0,8.0
s__Catenovulum_maritimum,139.0,222.0
s__Alteromonas_australica,361.0,82.0
s__Shewanella_algae,39.0,362.0
s__Shewanella_denitrificans,57.0,215.0
s__Cardiobacterium_valvarum,221.0,97.0
s__Cellvibrio_sp._BR,68.0,416.0
s__Lamprocystis_purpurea,393.0,173.0
s__Congregibacter_litoralis,289.0,339.0
s__Allochromatium_vinosum,394.0,377.0
s__Thioalkalivibrio_sulfidiphilus,413.0,339.0
s__Thioalkalivibrio_sp._ALJ24,43.0,159.0
s__Halothiobacillus_neapolitanus,72.0,335.0
s__Plesiomonas_shigelloides,324.0,54.0
s__Pragia_fontium,255.0,170.0
s__Escherichia_coli,106.0,1.0
s__Enterobacter_cloacae,254.0,381.0
s__Cronobacter_sakazakii,345.0,164.0
s__Citrobacter_amalonaticus,236.0,319.0
s__Cedecea_neteri,315.0,173.0
s__Plautia_stali_symbiont,130.0,250.0
s__Enterobacteriaceae_bacterium_B14,409.0,195.0
s__Candidatus_Regiella_insecticola,207.0,137.0
s__Citrobacter_freundii,173.0,446.0
s__Enterobacter_sp._638,72.0,236.0
s__Enterobacter_lignolyticus,95.0,173.0
s__Klebsiella_oxytoca,7.0,295.0
s__Franconibacter_pulveris,298.0,170.0
s__Kluyvera_intermedia,373.0,21.0
s__[Enterobacter]_aerogenes,270.0,378.0
s__Pluralibacter_gergoviae,274.0,55.0
s__Kosakonia_sacchari,263.0,268.0
s__Salmonella_enterica,410.0,225.0
s__Shigella_dysenteriae,379.0,108.0
s__Shigella_flexneri,329.0,77.0
s__Proteus_mirabilis,210.0,433.0
s__Obesumbacterium_proteus,297.0,259.0
s__Erwinia_tracheiphila,156.0,392.0
s__Shimwellia_blattae,170.0,257.0
s__Erwinia_toletana,121.0,92.0
s__Erwinia_billingiae,182.0,260.0
s__Erwinia_amylovora,121.0,390.0
s__Buchnera_aphidicola,438.0,2.0
s__Edwardsiella_ictaluri,419.0,278.0
s__Pantoea_agglomerans,193.0,359.0
s__Candidatus_Pantoea_carbekii,88.0,239.0
s__Pantoea_sp._PSNIH2,258.0,198.0
s__Pantoea_ananatis,99.0,23.0
s__Pantoea_rwandensis,144.0,227.0
s__Tatumella_morbirosei,0.0,139.0
s__Morganella_morganii,146.0,5.0
s__Rodentibacter_pneumotropicus,444.0,97.0
s__Providencia_rettgeri,233.0,21.0
s__Providencia_stuartii,212.0,238.0
s__Providencia_sneebia,77.0,231.0
s__Xenorhabdus_poinarii,8.0,156.0
s__Xenorhabdus_bovienii,207.0,243.0
s__Xenorhabdus_doucetiae,154.0,196.0
s__Xenorhabdus_nematophila,253.0,68.0
s__Dickeya_dadantii,60.0,187.0
s__Dickeya_solani,406.0,330.0
s__Dickeya_paradisiaca,250.0,386.0
s__Sodalis_praecaptivus,178.0,102.0
s__Pectobacterium_carotovorum,312.0,320.0
s__Sodalis_glossinidius,4.0,240.0
s__Serratia_fonticola,86.0,352.0
s__Chania_multitudinisentens,302.0,389.0
s__Rahnella_aquatilis,90.0,329.0
s__Serratia_marcescens,193.0,34.0
s__Serratia_liquefaciens,30.0,382.0
s__Serratia_odorifera,257.0,408.0
s__Serratia_rubidaea,268.0,387.0
s__Serratia_symbiotica,59.0,345.0
s__Yersinia_enterocolitica,316.0,415.0
s__Yersinia_pestis,249.0,91.0
s__Aggregatibacter_aphrophilus,115.0,281.0
s__Yersinia_ruckeri,347.0,21.0
s__Coxiella_burnetii,179.0,158.0
s__Kushneria_aurantia,38.0,244.0
s__Zymobacter_palmae,327.0,338.0
s__Reinekea_blandensis,172.0,114.0
s__Actinobacillus_pleuropneumoniae,432.0,372.0
s__Actinobacillus_succinogenes,302.0,64.0
s__Aggregatibacter_actinomycetemcomitans,318.0,76.0
s__[Mannheimia]_succiniciproducens,185.0,236.0
s__Bibersteinia_trehalosi,220.0,45.0
s__Haemophilus_influenzae,249.0,279.0
s__Gallibacterium_anatis,225.0,109.0
s__Pasteurella_multocida,90.0,32.0
s__[Haemophilus]_ducreyi,39.0,431.0
s__[Haemophilus]_parasuis,81.0,193.0
s__Histophilus_somni,212.0,411.0
s__Mannheimia_haemolytica,184.0,74.0
s__Akkermansia_muciniphila,264.0,76.0
s__Acinetobacter_junii,385.0,270.0
s__Acinetobacter_baumannii,202.0,26.0
s__Acinetobacter_beijerinckii,255.0,180.0
s__Acinetobacter_bereziniae,229.0,310.0
s__Acinetobacter_gyllenbergii,84.0,164.0
s__Acinetobacter_indicus,53.0,175.0
s__Acinetobacter_johnsonii,66.0,59.0
s__Acinetobacter_soli,178.0,190.0
s__Acinetobacter_parvus,430.0,271.0
s__Acinetobacter_lwoffii,159.0,7.0
s__Acinetobacter_pittii,204.0,119.0
s__Acinetobacter_radioresistens,230.0,287.0
s__Acinetobacter_schindleri,429.0,158.0
s__Acinetobacter_tandoii,345.0,46.0
s__Acinetobacter_ursingii,302.0,218.0
s__Vibrio_alginolyticus,304.0,314.0
s__Pseudomonas_stutzeri,217.0,165.0
s__Moraxella_osloensis,242.0,196.0
s__Moraxella_ovis,236.0,37.0
s__Oblitimonas_alkaliphila,21.0,434.0
s__Psychrobacter_sp._P11F6,318.0,279.0
s__Pseudomonas_aeruginosa,39.0,357.0
s__Pseudomonas_alcaligenes,156.0,121.0
s__Pseudomonas_fragi,313.0,20.0
s__Pseudomonas_cremoricolorata,251.0,158.0
s__Pseudomonas_alkylphenolica,429.0,67.0
s__Pseudomonas_koreensis,192.0,343.0
s__Pseudomonas_knackmussii,254.0,96.0
s__Pseudomonas_mendocina,1.0,404.0
s__Pseudomonas_putida,241.0,129.0
s__Pseudomonas_resinovorans,375.0,395.0
s__Pseudomonas_sp._StFLB209,51.0,278.0
s__Pseudomonas_thermotolerans,184.0,257.0
s__Methylophaga_frappieri,333.0,284.0
s__Thiothrix_nivea,411.0,256.0
s__Vibrio_nigripulchritudo,327.0,347.0
s__Vibrio_campbellii,427.0,223.0
s__Vibrio_cholerae,280.0,18.0
s__Vibrio_coralliilyticus,157.0,27.0
s__Vibrio_fluvialis,238.0,52.0
s__Stenotrophomonas_acidaminiphila,99.0,87.0
s__Vibrio_rhizosphaerae,295.0,396.0
s__Vibrio_parahaemolyticus,427.0,6.0
s__Vibrio_scophthalmi,372.0,187.0
s__Vibrio_tubiashii,364.0,149.0
s__Rhodanobacter_denitrificans,297.0,207.0
s__Stenotrophomonas_maltophilia,228.0,105.0
s__Stenotrophomonas_nitritireducens,28.0,441.0
s__Xanthomonas_campestris,202.0,48.0
s__Xylella_fastidiosa,225.0,25.0
s__Brachyspira_murdochii,355.0,156.0
s__Brachyspira_hyodysenteriae,384.0,149.0
s__Borreliella_valaisiana,148.0,37.0
s__Treponema_denticola,135.0,302.0
s__Treponema_medium,108.0,396.0
s__Treponema_lecithinolyticum,399.0,179.0
s__Treponema_maltophilum,231.0,47.0
s__Treponema_socranskii,308.0,199.0
s__Treponema_pedis,423.0,191.0
s__Treponema_putidum,42.0,200.0
s__Treponema_succinifaciens,87.0,324.0
s__Treponema_vincentii,174.0,3.0
s__Cloacibacillus_evryensis,159.0,399.0
s__Aminomonas_paucivorans,8.0,307.0
s__Jonquetella_anthropi,280.0,310.0
s__Mycoplasma_hominis,443.0,14.0
s__Thermanaerovibrio_acidaminovorans,109.0,122.0
s__Thermovirga_lienii,183.0,179.0
s__Candidatus_Izimaplasma_sp._HR1,412.0,355.0
s__Acholeplasma_brassicae,243.0,182.0
s__Candidatus_Phytoplasma_mali,68.0,5.0
s__Mesoplasma_florum,379.0,440.0
s__Spiroplasma_syrphidicola,394.0,55.0
s__Ureaplasma_canigenitalium,193.0,318.0
s__Ureaplasma_parvum,329.0,73.0
s__Coraliomargarita_akajimensis,238.0,199.0
s__Verrucomicrobiae_bacterium_DG1235,195.0,202.0
s__Verrucomicrobium_sp._3C,351.0,105.0
s__Human_endogenous_retrovirus_K,275.0,413.0
s__Hepatitis_B_virus,30.0,324.0
s__Duck_hepatitis_B_virus,399.0,192.0
s__Vibrio_phage_pYD38-A,411.0,405.0
s__Porcine_type-C_oncovirus,62.0,268.0
s__Staphylococcus_phage_PT1028,84.0,253.0
s__Pyrobaculum_filamentous_virus_1,242.0,210.0
s__Pandoravirus_salinus,185.0,324.0
s__Pandoravirus_dulcis,140.0,364.0
s__Choristoneura_rosaceana_entomopoxvirus_'L',354.0,393.0
s__White_spot_syndrome_virus,194.0,309.0
s__Human_mastadenovirus_C,189.0,78.0
s__Megavirus_chiliensis,44.0,332.0
s__Macaca_mulatta_polyomavirus_1,50.0,386.0
s__Gryllus_bimaculatus_nudivirus,307.0,391.0
s__BeAn_58058_virus,0.0,157.0
s__Salmonella_phage_ST64B,37.0,321.0
s__Thermus_phage_phi_OH2,219.0,74.0
s__Klebsiella_phage_JD001,48.0,113.0
s__Enterobacteria_phage_SfV,72.0,294.0
s__Enterobacteria_phage_P88,251.0,257.0
s__Clostridium_phage_phiMMP01,119.0,409.0
s__Clostridium_phage_CDMH1,413.0,356.0
s__Aggregatibacter_phage_S1249,68.0,142.0
s__Acinetobacter_phage_LZ35,414.0,30.0
s__Acinetobacter_phage_YMC13/03/R2096,426.0,85.0
s__Clostridium_phage_phiCD211,64.0,445.0
s__Clostridium_phage_phiMMP02,284.0,94.0
s__Clostridium_phage_phiMMP04,435.0,22.0
s__Cronobacter_phage_S13,423.0,43.0
s__Enterobacteria_phage_SfI,298.0,176.0
s__Enterobacteria_phage_phiP27,96.0,239.0
s__Escherichia_phage_SUSP1,38.0,342.0
s__Escherichia_phage_HY01,398.0,267.0
s__Enterobacteria_phage_vB_KleM-RaK2,409.0,126.0
s__Enterococcus_phage_EFDG1,71.0,350.0
s__Escherichia_phage_HY02,66.0,309.0
s__Escherichia_phage_SUSP2,436.0,367.0
s__Escherichia_phage_vB_EcoM_Alf5,411.0,298.0
s__Escherichia_phage_UFV-AREG1,308.0,370.0
s__Escherichia_phage_phAPEC8,25.0,301.0
s__Escherichia_phage_slur16,308.0,330.0
s__Shigella_phage_SfIV,208.0,421.0
s__Klebsiella_phage_JD18,83.0,404.0
s__Klebsiella_phage_PKO111,234.0,208.0
s__Shigella_phage_SfII,339.0,39.0
s__Klebsiella_phage_vB_KpnM_KpV477,16.0,286.0
s__Klebsiella_phage_vB_KpnM_KB57,144.0,26.0
s__Salmonella_phage_RE-2010,448.0,26.0
s__Lactobacillus_phage_KC5a,385.0,160.0
s__Lactobacillus_phage_phi_jlb1,174.0,152.0
s__Pseudomonas_phage_KPP12,32.0,203.0
s__Salmonella_phage_GG32,104.0,391.0
s__Haemophilus_phage_HP1,330.0,178.0
s__Streptococcus_phage_EJ-1,447.0,422.0
s__Clostridium_virus_phiC2,261.0,161.0
s__Thermus_phage_TMA,165.0,221.0
s__Clostridium_virus_phiCD27,322.0,172.0
s__Clostridium_virus_phiCD119,349.0,315.0
s__Escherichia_virus_EC6,93.0,229.0
s__Erwinia_virus_Ea214,426.0,396.0
s__Salmonella_phage_FelixO1,296.0,64.0
s__Haemophilus_phage_HP2,37.0,206.0
s__Staphylococcus_virus_G1,431.0,149.0
s__Enterobacteria_phage_SfMu,250.0,364.0
s__Escherichia_phage_D108,375.0,54.0
s__Escherichia_virus_Mu,62.0,45.0
s__Escherichia_virus_P1,120.0,113.0
s__Salmonella_phage_SJ46,269.0,361.0
s__Escherichia_phage_phiV10,87.0,233.0
s__Enterobacteria_phage_P4,330.0,326.0
s__Escherichia_phage_TL-2011b,325.0,277.0
s__Escherichia_virus_186,146.0,100.0
s__Enterobacteria_phage_WPhi,120.0,356.0
s__Escherichia_phage_pro483,391.0,380.0
s__Escherichia_phage_pro147,98.0,81.0
s__Enterobacteria_phage_fiAA91-ss,73.0,81.0
s__Escherichia_virus_P2,214.0,345.0
s__Yersinia_phage_L-413C,406.0,353.0
s__Salmonella_phage_SEN1,396.0,115.0
s__Salmonella_phage_FSL_SP-004,257.0,88.0
s__Pseudomonas_phage_phiCTX,398.0,97.0
s__Salmonella_virus_PsP3,223.0,330.0
s__Acinetobacter_phage_Acj61,301.0,375.0
s__Pseudomonas_phage_EL,257.0,352.0
s__Enterobacteria_phage_RB32,96.0,44.0
s__Enterobacteria_phage_RB14,139.0,242.0
s__Enterobacteria_phage_RB16,256.0,263.0
s__Enterobacteria_phage_RB51,55.0,196.0
s__Escherichia_phage_slur02,276.0,146.0
s__Shigella_phage_SHFML-26,172.0,72.0
s__Escherichia_phage_vB_EcoM_PhAPEC2,238.0,260.0
s__Klebsiella_phage_KP27,151.0,347.0
s__Klebsiella_phage_KP15,300.0,70.0
s__Salmonella_phage_PhiSH19,448.0,440.0
s__Salmonella_phage_SEN34,248.0,342.0
s__Enterobacteria_phage_Sf101,297.0,104.0
s__Enterobacteria_phage_IME10,343.0,236.0
s__Enterobacteria_phage_933W_sensu_lato,148.0,108.0
s__Enterobacter_phage_E-2,56.0,223.0
s__Citrobacter_phage_phiCFP-1,442.0,440.0
s__Enterobacter_phage_E-3,20.0,375.0
s__Klebsiella_phage_vB_Kp1,413.0,159.0
s__Klebsiella_phage_K5,327.0,403.0
s__Escherichia_phage_TL-2011c,305.0,324.0
s__Escherichia_phage_Pollock,337.0,295.0
s__Enterobacteria_phage_VT2phi_272,69.0,47.0
s__Escherichia_phage_P483,2.0,234.0
s__Escherichia_phage_P694,278.0,378.0
s__Klebsiella_phage_vB_KpnP_KpV289,57.0,113.0
s__Klebsiella_phage_vB_Kp2,187.0,288.0
s__Klebsiella_phage_vB_KpnP_KpV41,387.0,195.0
s__Klebsiella_phage_vB_KpnP_KpV475,268.0,436.0
s__Salmonella_phage_SEN22,411.0,160.0
s__Klebsiella_phage_vB_KpnP_KpV71,409.0,330.0
s__Salmonella_phage_7-11,247.0,255.0
s__Shigella_phage_POCJ13,382.0,247.0
s__Salmonella_phage_SPN1S,398.0,405.0
s__Shigella_phage_75/02_Stx,354.0,375.0
s__Salmonella_phage_SPN9CC,41.0,153.0
s__Stx2-converting_phage_86,15.0,76.0
s__Shigella_phage_Ss-VASD,331.0,143.0
s__Streptococcus_phage_A25,29.0,69.0
s__Streptococcus_phage_Cp-1,229.0,109.0
s__Salmonella_phage_Vi_II-E1,192.0,300.0
s__Bacteroides_phage_B40-8,201.0,353.0
s__Salmonella_phage_HK620,108.0,351.0
s__Salmonella_phage_epsilon15,64.0,191.0
s__Pseudomonas_phage_F116,45.0,219.0
s__Klebsiella_virus_F19,430.0,170.0
s__Klebsiella_virus_K244,296.0,22.0
s__Klebsiella_virus_KP34,203.0,171.0
s__Klebsiella_virus_SU503,383.0,80.0
s__Klebsiella_virus_SU552A,114.0,380.0
s__Achromobacter_phage_phiAxp-3,275.0,18.0
s__Salmonella_phage_FSL_SP-076,341.0,323.0
s__Salmonella_phage_FSL_SP-058,142.0,242.0
s__Enterobacteria_phage_ST104,296.0,219.0
s__Shigella_phage_Sf6,61.0,72.0
s__Salmonella_phage_vB_SemP_Emek,210.0,62.0
s__Salmonella_phage_epsilon34,322.0,426.0
s__Salmonella_phage_ST64T,82.0,394.0
s__Salmonella_phage_ST160,33.0,81.0
s__Salmonella_phage_SE1,152.0,85.0
s__Salmonella_virus_P22,290.0,38.0
s__Enterobacteria_phage_K30,293.0,229.0
s__Escherichia_virus_K1E,365.0,283.0
s__Citrobacter_phage_SH2,177.0,223.0
s__Citrobacter_phage_SH1,363.0,376.0
s__Enterobacter_phage_phiEap-1,14.0,377.0
s__Klebsiella_phage_K11,99.0,347.0
s__Klebsiella_phage_KP32,86.0,295.0
s__Yersinia_phage_phiYeO3-12,383.0,293.0
s__Salmonella_phage_phiSG-JL2,288.0,98.0
s__Yersinia_phage_vB_YenP_AP5,327.0,105.0
s__Bacteroides_phage_B124-14,154.0,391.0
s__Klebsiella_phage_Sushi,266.0,309.0
s__Enterobacteria_phage_HK544,40.0,341.0
s__Enterobacteria_phage_HK542,432.0,48.0
s__Enterobacteria_phage_HK106,204.0,260.0
s__Cronobacter_phage_ENT39118,90.0,303.0
s__Clostridium_phage_vB_CpeS-CP51,276.0,1.0
s__Clostridium_phage_phiSM101,430.0,119.0
s__Clostridium_phage_PhiS63,339.0,250.0
s__Clostridium_phage_phi3626,355.0,214.0
s__Clostridium_phage_phiCD111,122.0,37.0
s__Cronobacter_phage_phiES15,265.0,177.0
s__Enterobacteria_phage_ES18,38.0,217.0
s__Enterococcus_phage_phiEf11,71.0,399.0
s__Enterococcus_phage_EFC-1,247.0,28.0
s__Enterococcus_phage_IME-EFm1,411.0,196.0
s__Enterococcus_phage_vB_EfaS_IME197,355.0,205.0
s__Klebsiella_phage_KLPN1,259.0,191.0
s__Enterococcus_phage_vB_EfaS_IME198,441.0,59.0
s__Klebsiella_phage_PKP126,407.0,218.0
s__Salmonella_phage_SPN3UB,192.0,289.0
s__Lactobacillus_phage_phiadh,169.0,92.0
s__Lactobacillus_phage_LfeSau,245.0,79.0
s__Lactobacillus_phage_LF1,220.0,287.0
s__Klebsiella_phage_phiKO2,353.0,368.0
s__Lactobacillus_phage_CL1,239.0,104.0
s__Lactobacillus_phage_Lc-Nu,271.0,315.0
s__Lactobacillus_phage_Lrm1,414.0,105.0
s__Lactobacillus_phage_phiPYB5,40.0,45.0
s__Lactobacillus_phage_PLE2,358.0,407.0
s__Lactobacillus_phage_iA2,134.0,76.0
s__Lactobacillus_phage_Sha1,310.0,444.0
s__Lactobacillus_phage_PLE3,254.0,162.0
s__Lactobacillus_phage_phiLdb,328.0,23.0
s__Salmonella_phage_IME207,169.0,112.0
s__Pseudomonas_phage_PaMx74,219.0,247.0
s__Lactobacillus_prophage_Lj965,95.0,46.0
s__Lactobacillus_prophage_Lj928,265.0,17.0
s__Lactobacillus_phage_phig1e,176.0,251.0
s__Lactococcus_phage_TP901-1,288.0,194.0
s__Lactococcus_phage_P680,337.0,312.0
s__Lactococcus_phage_340,177.0,351.0
s__Lactococcus_phage_28201,250.0,268.0
s__Lactococcus_phage_P335_sensu_lato,364.0,239.0
s__Lactococcus_phage_BK5-T,9.0,280.0
s__Lactococcus_phage_63301,99.0,273.0
s__Lactococcus_phage_50101,377.0,314.0
s__Lactococcus_phage_98201,22.0,112.0
s__Lactococcus_phage_BM13,199.0,187.0
s__Lactococcus_phage_ul36,429.0,118.0
s__Lactococcus_phage_jm3,206.0,419.0
s__Lactococcus_phage_jm2,235.0,326.0
s__Lactococcus_phage_phiL47,242.0,325.0
s__Pectobacterium_phage_My1,320.0,139.0
s__Leuconostoc_phage_phiLN34,411.0,388.0
s__Pseudomonas_phage_JBD44,433.0,38.0
s__Pseudomonas_phage_YMC11/07/P54_PAE_BP,259.0,176.0
s__Salmonella_phage_SSU5,55.0,204.0
s__Streptococcus_phage_SM1,85.0,340.0
s__Streptococcus_phage_5093,448.0,162.0
s__Staphylococcus_phage_StB27,241.0,42.0
s__Salmonella_phage_vB_SosS_Oslo,152.0,404.0
s__Staphylococcus_phage_P954,94.0,321.0
s__Staphylococcus_phage_23MRA,421.0,239.0
s__Staphylococcus_phage_SMSAP5,92.0,36.0
s__Staphylococcus_phage_StB12,88.0,360.0
s__Staphylococcus_phage_StB20-like,40.0,69.0
s__Staphylococcus_phage_TEM123,424.0,65.0
s__Staphylococcus_phage_StauST398-4,401.0,141.0
s__Staphylococcus_phage_phi7401PVL,93.0,214.0
s__Staphylococcus_phage_YMC/09/04/R1988,365.0,159.0
s__Staphylococcus_phage_phiNM3,102.0,193.0
s__Staphylococcus_phage_phiBU01,88.0,254.0
s__Staphylococcus_prophage_phiPV83,377.0,251.0
s__Streptococcus_phage_PH15,19.0,193.0
s__Streptococcus_phage_PH10,127.0,320.0
s__Streptococcus_phage_MM1,432.0,266.0
s__Streptococcus_phage_M102AD,212.0,177.0
s__Streptococcus_phage_TP-778L,50.0,303.0
s__Streptococcus_phage_SpSL1,280.0,444.0
s__Streptococcus_phage_YMC-2011,302.0,190.0
s__Streptococcus_phage_phiARI0923,147.0,133.0
s__Streptococcus_phage_phiARI0468-4,196.0,447.0
s__Streptococcus_phage_phiARI0746,204.0,96.0
s__Streptococcus_virus_9874,374.0,182.0
s__Streptococcus_virus_9872,52.0,8.0
s__Salmonella_phage_SE2,60.0,238.0
s__Staphylococcus_phage_77,399.0,211.0
s__Staphylococcus_phage_Pvl108,305.0,274.0
s__Klebsiella_virus_1513,225.0,50.0
s__Klebsiella_virus_KP36,277.0,321.0
s__Enterobacteria_phage_mEp460,53.0,41.0
s__Enterobacteria_phage_cdtI,152.0,39.0
s__Enterobacteria_phage_HK140,436.0,413.0
s__Enterobacteria_phage_BP-4795,73.0,342.0
s__Bacillus_phage_phi105,30.0,436.0
s__Enterobacteria_phage_HK225,256.0,67.0
s__Enterobacteria_phage_HK446,1.0,325.0
s__Enterobacteria_phage_HK633,294.0,258.0
s__Enterobacteria_phage_HK629,160.0,110.0
s__Enterobacteria_phage_HK630,345.0,391.0
s__Enterobacteria_phage_mEp237,267.0,114.0
s__Enterobacteria_phage_mEp043_c-1,330.0,417.0
s__Enterobacteria_phage_mEp235,227.0,30.0
s__Enterobacteria_phage_phi80,299.0,423.0
s__Enterobacteria_phage_mEpX2,347.0,65.0
s__Enterobacteria_phage_mEpX1,277.0,178.0
s__Stx2-converting_phage_1717,357.0,12.0
s__Escherichia_phage_HK639,447.0,199.0
s__Enterobacterial_phage_mEp213,304.0,312.0
s__Enterobacterial_phage_mEp390,124.0,387.0
s__Enterobacterial_phage_mEp234,39.0,236.0
s__Escherichia_phage_HK75,157.0,425.0
s__Escherichia_virus_Lambda,14.0,214.0
s__Escherichia_virus_HK022,149.0,339.0
s__Escherichia_virus_HK97,188.0,292.0
s__Escherichia_virus_JenP1,382.0,328.0
s__Escherichia_virus_N15,142.0,182.0
s__Streptococcus_phage_Abc2,204.0,51.0
s__Streptococcus_phage_O1205,172.0,9.0
s__Staphylococcus_phage_phiMR25,200.0,264.0
s__Staphylococcus_phage_187,158.0,377.0
s__Staphylococcus_phage_88,381.0,306.0
s__Staphylococcus_phage_55,163.0,249.0
s__Staphylococcus_phage_29,137.0,378.0
s__Staphylococcus_phage_PH15,47.0,155.0
s__Staphylococcus_phage_B236,75.0,148.0
s__Staphylococcus_phage_96,132.0,0.0
s__Staphylococcus_phage_CNPH82,96.0,311.0
s__Staphylococcus_phage_Ipla5,295.0,382.0
s__Staphylococcus_phage_phiETA,298.0,275.0
s__Staphylococcus_phage_phiMR11,32.0,141.0
s__Streptococcus_phage_2972,403.0,71.0
s__Enterococcus_phage_BC611,149.0,20.0
s__Escherichia_virus_Rtp,346.0,181.0
s__Streptococcus_phage_858,242.0,208.0
s__Streptococcus_phage_7201,320.0,420.0
s__Staphylococcus_phage_SPbeta-like,377.0,215.0
s__Streptococcus_phage_Sfi21,212.0,92.0
s__Streptococcus_phage_Sfi19,336.0,429.0
s__Lactococcus_phage_bIL170,214.0,125.0
s__Lactococcus_phage_SK1,263.0,135.0
s__Lactococcus_phage_P008,436.0,67.0
s__Lactococcus_phage_CB14,159.0,365.0
s__Lactococcus_phage_bIBB29,36.0,312.0
s__Lactococcus_phage_SL4,358.0,97.0
s__Lactococcus_phage_jj50,60.0,150.0
s__Staphylococcus_phage_Slt,294.0,39.0
s__Staphylococcus_phage_3A,255.0,296.0
s__Staphylococcus_phage_47,287.0,202.0
s__Staphylococcus_phage_42E,93.0,223.0
s__Cyprinid_herpesvirus_1,429.0,195.0
s__Ictalurid_herpesvirus_1,127.0,80.0
s__Uncultured_phage_WW-nAnB_strain_2,179.0,80.0
s__Falconid_herpesvirus_1,144.0,8.0
s__Ovine_gammaherpesvirus_2,348.0,8.0
s__Human_betaherpesvirus_7,404.0,392.0
s__Human_betaherpesvirus_6B,364.0,433.0
s__Uncultured_phage_WW-nAnB_strain_3,297.0,428.0
s__uncultured_phage_WW-nAnB,132.0,40.0
s__Parabacteroides_phage_YZ-2015b,329.0,344.0
s__Enterobacteria_phage_fd,301.0,98.0
s__Enterobacteria_phage_If1,79.0,273.0
s__Enterobacteria_phage_M13,406.0,190.0
s__Parabacteroides_phage_YZ-2015a,36.0,238.0
s__Enterobacteria_phage_YYZ-2008,120.0,409.0
s__Porcine_parvovirus_5,92.0,409.0
s__Streptococcus_phage_phiARI0004,406.0,160.0
s__Salmonella_phage_64795_sal3,447.0,269.0
s__Salmonella_phage_118970_sal3,107.0,204.0
s__Lactobacillus_prophage_Lj771,238.0,92.0
s__Streptococcus_phage_20617,304.0,410.0
s__Streptococcus_phage_K13,83.0,136.0
s__Streptococcus_phage_IC1,384.0,429.0
s__Streptococcus_phage_phiARI0131-1,159.0,157.0
s__Streptococcus_phage_phiBHN167,84.0,352.0
s__Streptococcus_phage_phiARI0131-2,178.0,256.0
s__Streptococcus_phage_phiARI0462,319.0,80.0
s__Streptococcus_phage_phiARI0460-1,43.0,225.0
s__Streptococcus_phage_phiARI0468-2,252.0,169.0
s__Streptococcus_phage_phiARI0468-1,221.0,365.0
